Timestamp,Latitude,Longitude,Drain size (cm),Shape,Upload Photo (not .heic)
9/28/2026 18:53:56,35.3024656,-120.6621666,60,Rectangular,https://drive.google.com/open?id=19qoClBVFcE8Mxn8MYOP-U8VijCTpXP9o
9/28/2026 18:55:06,35.301158,-120.661482,30,Round,https://drive.google.com/open?id=1FkGuzWoNPCmtjoezX7j-m_dmtyy56tiO
9/28/2026 18:55:29,35.3028,-120.66113,"60.96, 60.96",Rectangular,https://drive.google.com/open?id=1Q4sWb0KP5RYt33zR9JOuJLhYwRvUWUT9
9/28/2026 18:55:29,35.30179,-120.6619,"60, 90",Rectangular,https://drive.google.com/open?id=1QDa6_o30GYVnepmd58p2-pnGib5I278x
9/28/2026 18:56:47,35.30407,-120.6625,60,Rectangular,https://drive.google.com/open?id=1KRWiST6AuUEOJfojSu6QJWlipYw9fIRe
9/28/2026 18:57:08,35.30109,-120.661389,30,Round,https://drive.google.com/open?id=1UA-yPdHyInS39jWZKqN-_CBEKnpBtBU5
9/28/2026 18:57:13,35.30182,-120.66196,"60, 100",Rectangular,https://drive.google.com/open?id=15YKPPujAd2tHV9qJw8d3Q6jatpkVtEL6
9/28/2026 18:58:15,35.30412,-120.66247,60,Rectangular,https://drive.google.com/open?id=1w0gTYg-tliZg4f6QzdnIdfhLpn91JwL6
9/28/2026 18:59:29,35.30253,-120.66226,"60, 60",Rectangular,https://drive.google.com/open?id=13HjB6DK39Ry34pb-HvF-zq_YuAM6Tvra
9/28/2026 18:59:30,35.300729,-120.661172,30,Round,https://drive.google.com/open?id=1XB1XzMaUtCe-jumxZG3_-qnAJqJ36ULz
9/28/2026 19:00:30,35.3042,-120.66221,50,Rectangular,https://drive.google.com/open?id=1LW6Jo5xzaWcILOq-SDnqXGEFt19vXyDR
9/28/2026 19:00:51,35.300754,-120.661238,30,Round,https://drive.google.com/open?id=13QJ6Y2KunaN2fg6u4xWF2PcldIuCgJSi
9/28/2026 19:02:07,35.3045,-120.66188,50,Rectangular,https://drive.google.com/open?id=152lgkUYkkBBpImAKcOEuDCMwxPp8zXu-
9/28/2026 19:02:56,35.30409,-120.66253,"108, 13",Rectangular,https://drive.google.com/open?id=1gc-P7p7jWJxU1lUXTDyJB1ie-yyDVBVE
9/28/2026 19:03:09,35.300313,-120.660984,24,Other,https://drive.google.com/open?id=1ZY0dUyVJ6KNP-MUakTSZEd9QTzwjphcc
9/28/2026 19:03:56,35.30409,-120.66253,58,Round,https://drive.google.com/open?id=1AZLGtnosf48gbDtGH6PZF4S1SytmUkof
9/28/2026 19:04:47,35.3054,-120.66046,50,Rectangular,https://drive.google.com/open?id=1hvpvj-iEoF3KG5dJSU1_drSJGLBh2T1g
9/28/2026 19:04:48,35.30108,-120.66129,45,Round,https://drive.google.com/open?id=1ifsNctvWN24w7VzTLDPFOtP7zjFhmr58
9/28/2026 19:05:55,35.30539,-120.66049,50,Rectangular,https://drive.google.com/open?id=1x_USXSixNrRssojwwCHOevOBqP5C_neA
9/28/2026 19:06:39,35.299867,-120.660733,103,Rectangular,https://drive.google.com/open?id=1uEUYfPZelI64h5ZsTAnBf-D1GLNsF8OJ
9/28/2026 19:06:39,35.30074,-120.66123,45,Round,https://drive.google.com/open?id=1QiC2S2n5Ogft4F0_o1miZc1f83xK4QAd
9/28/2026 19:07:20,35.30604,-120.66068,50,Rectangular,https://drive.google.com/open?id=1ZPyLMQhZEHxunOO02YGkddg1Etm0oF-O
9/28/2026 19:08:00,35.306,-120.66073,50,Rectangular,https://drive.google.com/open?id=1EUCE69eBoyoelLKX61GNiFQswgzBFEVU
9/28/2026 19:08:37,35.29968,-120.66065,60,Round,https://drive.google.com/open?id=1vbbwDfkihEb91uRuuskF_ePcNGcVBBax
9/28/2026 19:09:03,35.30453,-120.66187,50,Rectangular,https://drive.google.com/open?id=1QoThdiFTp8Vb7eh2IuF1fN-8mQZzmARP
9/28/2026 19:09:40,35.299289,-120.660448,120,Rectangular,https://drive.google.com/open?id=1JaBqCCdNYo4LI6-OJqKNybTeBWP03CnD
9/28/2026 19:10:09,35.29958,-120.66122,34,Rectangular,https://drive.google.com/open?id=1kWsetzYNmPwYXJzuYHONn6jPZPFfZwPU
9/28/2026 19:10:29,35.30781,-120.66372,"65, 65",Rectangular,https://drive.google.com/open?id=1BMDNWjgYhANZe9OUkPj2fi70bRpkXH0T
9/28/2026 19:11:56,35.298993,-120.660422,86,Rectangular,https://drive.google.com/open?id=1Q6y8BuOO-EZxhb4YOuJj1hC2jdMudcC-
9/28/2026 19:12:01,35.2996,-120.66143,50,Round,https://drive.google.com/open?id=1COC641g4ds5UQ9bn7P0kle8pJ6EeMwoM
9/28/2026 19:16:31,35.298383,-120.660748,52,Round,https://drive.google.com/open?id=1ZlKsa6vPz8zlTw5mktKBSPV1ZjU9cqbk
9/28/2026 19:22:22,35.30864,-120.66058,"94, 60",Rectangular,https://drive.google.com/open?id=17uK1ywIu8hFKK7KZ2BvF0wu2piP9nguR
9/28/2026 19:22:29,35.30866,-120.66065,"60, 90",Rectangular,https://drive.google.com/open?id=1bJ_OORJGrgYKyKSNGITuPhiuVtf10p_4
9/28/2026 19:24:22,35.295797,-120.662383,46,Round,https://drive.google.com/open?id=1xWNrP7R_dRqtPC4zlD1Auc3lmeDUd-o_
9/28/2026 19:24:46,35.30795,-120.65994,"60, 90",Rectangular,https://drive.google.com/open?id=1OnHuBv1g7T3bP9HzDA7E0zMviC9djkLr
9/28/2026 20:30:48,35.30453,-120.65868,"60.96, 60.96",Rectangular,https://drive.google.com/open?id=1P-yBqvNVI-HGs4rUNHulrdOdS_hw6tx9
9/28/2026 20:32:34,35.30377,-120.65841,"60.69, 121.92",Rectangular,https://drive.google.com/open?id=15lfUWxcWvgbW96UIca4y0zZ01WWCvflB
9/28/2026 20:34:19,35.30298,-120.65888,"60.69, 121.92",Rectangular,https://drive.google.com/open?id=1IX72n6f2W3r2Bb-VHjKESjCbL_w1_xIA
9/28/2026 20:35:42,35.3026,-120.65898,"60.69, 60.69",Rectangular,https://drive.google.com/open?id=1t7bhdMmMKpYOFtNwXVjUFKApmk9T12cX
9/28/2026 20:37:45,35.30268,-120.659,"60.69, 60.69",Rectangular,https://drive.google.com/open?id=1PtNJQx_cY725Zfaa37dSfcri_F6BD7zi
9/28/2026 20:39:19,35.30252,-120.65932,"10.16, 10.16",Rectangular,https://drive.google.com/open?id=1XAl3E7aRyJBudDnjdKpp_zu72r1cYUbk
9/28/2026 20:41:08,35.3029,-120.66065,"60.69, 60.69",Rectangular,https://drive.google.com/open?id=1QROmoHQLjq6ohokqgCvYCfcuEMoGnXca
9/28/2026 20:42:22,35.30252,-120.65932,"60.69, 30.48",Rectangular,https://drive.google.com/open?id=18mxKnRW-vpgQ2HcKQrWq8zAetG2GKf-v
9/28/2026 20:43:51,35.30252,-120.65932,"60.69, 30.48",Rectangular,https://drive.google.com/open?id=1zRiX3dbELj78ktWUmxBfbSBJv_-alJFp
9/28/2026 22:50:01,35.30245,-120.66237,"90, 60",Rectangular,"https://drive.google.com/open?id=19G0BilaT1J3cjloyaOruKf7ZvHW5ADL6, https://drive.google.com/open?id=1dEhKBo0KO_tm1RUxLgSN3AI4mHVIeD1-, https://drive.google.com/open?id=10ENUhqCyjmpqBDS4r8yYCy966BpHgCWU, https://drive.google.com/open?id=1tiFVI1h0q4NvPpNLrXcgiEdM5LIE8AW5, https://drive.google.com/open?id=16JvpeEvj3L3Vlnqd_PjZeWCDgLnc2sD3"
9/29/2026 11:55:35,35.30245,-120.66232,6193.536,Rectangular,https://drive.google.com/open?id=1OiOPd6iiI2xaJBtbnDMHGMeAhhQicj0t
9/29/2026 11:57:10,35.30281,-120.66105,4838.7,Rectangular,https://drive.google.com/open?id=1wu8_f8ApLC4l6-fprLafxrZg9HQId5Qu
9/29/2026 11:58:54,35.30312,-120.65895,7799.9844,Rectangular,https://drive.google.com/open?id=1141qiYwtZstA3hoydCRNVBmxwA8Ua3an
9/29/2026 12:00:40,35.30351,-120.65816,5638.6984,Rectangular,https://drive.google.com/open?id=1fGu9Tb_zcZhpUOcn4A3UetEyrzI_2fct
9/29/2026 12:02:31,35.30387,-120.65837,5787.0852,Rectangular,https://drive.google.com/open?id=1_Nvn2egbk-wPMi3T5gNNk73FZRw4O6Wx
9/29/2026 16:52:54,35.3,-120.66,75,Round,https://drive.google.com/open?id=10gtBkXDe6O94MoO9w5xVRoXYhw5Gh7ok
9/29/2026 16:53:30,35.30236,-120.66224,107,Rectangular,https://drive.google.com/open?id=1YNwVtcJJ8odYPmMwHcmuqdM29tyThFe-
9/29/2026 16:54:10,35.5,-120.66,75,Round,https://drive.google.com/open?id=1JmcHShTyGA0qibrOpCjC36k4K-1_BRSx
9/29/2026 16:54:17,35.30197,-120.66195,107,Rectangular,https://drive.google.com/open?id=1im5kRJLpOU0m6OWQlF4LZ2wj8zpOcOC0
9/29/2026 16:54:18,35.3027777778,-120.6625,64,Rectangular,https://drive.google.com/open?id=1aG3vbVvkaAH-pfMlsNbprfVOy9etYXsY
9/29/2026 16:55:15,35.3027777778,-120.6625,76.2,Rectangular,https://drive.google.com/open?id=1Dej5pEae0MdgH7HvzUnJCRgpqB88JBhg
9/29/2026 16:56:05,35.30247,-120.66216,110,Rectangular,https://drive.google.com/open?id=1EzmYSeV16q89s-vS6dc0FE1HkkZTXYWw
9/29/2026 16:56:24,35.30262,-120.66226,50,Other,https://drive.google.com/open?id=1qglC44Tzr8kz41xttK3a7u9b-W8BCQwK
9/29/2026 16:57:03,35.30317,-120.66325,50,Rectangular,https://drive.google.com/open?id=1l9pTbRJXXiZKEcT_Ic2PpAOvalhAVZ6G
9/29/2026 16:57:24,35.3022222222,-120.6630555556,76.2,Rectangular,https://drive.google.com/open?id=1NvVhc-2GumZ0eqJ84uxlcHJyo8DK_pG9
9/29/2026 16:58:07,35.3022222222,-120.6633333333,64,Rectangular,https://drive.google.com/open?id=1bALipmvOLE9sLLDCRrfiiPoxarQ83AQz
9/29/2026 16:59:18,35.3016666667,-120.6630555556,64,Rectangular,https://drive.google.com/open?id=1gzwIg28YjobAki-7LL85rdjVIo3tRxkU
9/29/2026 16:59:38,35.30306,-120.6633,60,Rectangular,
9/29/2026 16:59:39,35.30288,-120.66061,60,Rectangular,https://drive.google.com/open?id=1rxZmjQngsvblEKqudWErpRGQ3p4LZLHR
9/29/2026 17:00:00,35.30323,-120.66091,55,Rectangular,https://drive.google.com/open?id=16bc12fKdLoDMzEhz80rZvYiAlFfwN1_1
9/29/2026 17:00:17,35.30261,-120.66291,25,Rectangular,https://drive.google.com/open?id=1KvtoshrPWtqj4lXCL-_yO_qNzk3Q09Vo
9/29/2026 17:00:39,35.3016666667,-120.6633333333,30,Rectangular,https://drive.google.com/open?id=1uMslZTWRBaaA3y0RvIHhuUbQbj2rcyu7
9/29/2026 17:01:16,35.3025,-120.6627777778,"60.96, 104.14",Rectangular,https://drive.google.com/open?id=1ZOF7Hhpdvrgty0VMsPJ7xdnUeaq7zfpZ
9/29/2026 17:01:41,35.30333,-120.66085,70,Rectangular,https://drive.google.com/open?id=1Q1mX6-8KzuTEeDdQ2PRTODVRqkPsSxfe
9/29/2026 17:02:00,35.30332,-120.66078,110,Rectangular,https://drive.google.com/open?id=10Jw117tGuOb0kPa7pXeitZHyXqOyQ0r5
9/29/2026 17:02:01,35.30324,-120.66272,8,Round,https://drive.google.com/open?id=1HGT9L23b3TJ4hdO87RXELs5NQWyubh2z
9/29/2026 17:02:50,35.3016666667,-120.6630555556,31,Rectangular,https://drive.google.com/open?id=1HSq0B3a-HDH_8pqgI5E22WK49cLVKzyr
9/29/2026 17:03:40,35.30336,-120.66107,50,Rectangular,https://drive.google.com/open?id=17SAX_8SP_sEYq3j5KRw-J4GNNpixD_Lm
9/29/2026 17:03:41,35.30326,-120.6612,125,Rectangular,https://drive.google.com/open?id=1g-IHMnEuhN_4T0qj0VMeplVXontRKSt1
9/29/2026 17:05:27,35.30215,-120.66343,20,Rectangular,https://drive.google.com/open?id=1PKH8_jesa0hDUl92OFHSNhwJKyrCDBH6
9/29/2026 17:06:16,35.30245,-120.66295,40,Rectangular,
9/29/2026 17:07:00,35.3005555556,-120.6625,60,Rectangular,https://drive.google.com/open?id=1yIuK_XDyIN3RdW-FrVzRw-ZwvIXWINWs
9/29/2026 17:07:13,35.30182,-120.66323,20,Rectangular,https://drive.google.com/open?id=1BcqSCjgWlgYU2yhF0QjXZgbqpFH5T9td
9/29/2026 17:08:19,35.3033333333,-120.6575,"60, 60",Rectangular,https://drive.google.com/open?id=1V-qnv0E1drKLooSP_ZkYFg0nyL8gc_zD
9/29/2026 17:08:27,35.30045,-120.66103,50,Rectangular,https://drive.google.com/open?id=1Qns47Fo5deq8OJ47OanEkLoijoxejACe
9/29/2026 17:08:34,35.30182,-120.66325,50,Rectangular,https://drive.google.com/open?id=1o8wWSdSfEVYYkeiP_o-9lymlVRQI1V0a
9/29/2026 17:09:43,35.3033333333,-120.6641666667,"48.26, 48.26",Rectangular,https://drive.google.com/open?id=1FkSnCQp2na_2n90kbvEpHsdAmPnl-4OI
9/29/2026 17:10:06,35.3066666667,-120.6573333333,"60, 60",Rectangular,https://drive.google.com/open?id=16-KFK_r4UrDrSRJdfjFu2ep9i-t29Ov0
9/29/2026 17:11:23,35.30154,-120.66294,60,Rectangular,https://drive.google.com/open?id=1VfNl16ob2nImQUpEKIi0efn-4m1Tr3wV
9/29/2026 17:11:29,35.3088888889,-120.6638888889,76.2,Rectangular,https://drive.google.com/open?id=13hYvJaA07n0Kt9Yp0kQipcPPrczjAyxF
9/29/2026 17:11:42,35.3033333333,-120.6641666667,"38.1, 38.1",Rectangular,https://drive.google.com/open?id=1OAA-JUAir6w2dOcVI3MdNla8G904F32q
9/29/2026 17:13:11,35.3066666667,-120.6568333333,61,Round,https://drive.google.com/open?id=1XpUEnBKA4POiCxxSBwDcss8X38O-LlS1
9/29/2026 17:13:57,35.3088888889,-120.6638888889,91.5,Rectangular,https://drive.google.com/open?id=1UXn0saeF24rVvmP5SL_VW9QBK7ZGlnOp
9/29/2026 17:14:35,35.3083333333,-120.6568333333,58,Round,https://drive.google.com/open?id=1sP2HIHvaxtUa0W3GHgieeznrTIn0Ir8L
9/29/2026 17:16:04,35.30339,-120.66268,20,Rectangular,https://drive.google.com/open?id=1g-iXcs_sZt6o7OUDXPEkjcIN9qZ5R_yV
9/29/2026 17:16:20,35.3083333333,-120.6568333333,61,Round,https://drive.google.com/open?id=1jekL_5FGgJnlukTYUzwJRCzBFHZK_-sG
9/29/2026 17:18:41,35.31,-120.6571666667,"105, 65",Rectangular,https://drive.google.com/open?id=1Tihl_pu3nMYJg-p6Yb6qZ3da7KnqXeXm
9/29/2026 18:44:13,35.30177,-120.66196,60,Rectangular,https://drive.google.com/open?id=1l9D6TUurRJ4bsFkP6ALx2I2Wo-3lDYz_
9/29/2026 18:44:19,35.30409,-120.66256,75,Rectangular,https://drive.google.com/open?id=1E_bQ7_8Ox6bCuYWh120S9shJAW0zjnqE
9/29/2026 18:45:57,35.30733,-120.65955,60,Rectangular,https://drive.google.com/open?id=1dQWMxvzx68M2XqWajDo5clktk4ATJv8o
9/29/2026 18:46:32,35.30103,-120.6613,60,Rectangular,https://drive.google.com/open?id=1ARAvbVmOVdbmm3X7qtSRQ1afw5LINHHK
9/29/2026 19:01:26,35.30788,-120.6599,60,Rectangular,https://drive.google.com/open?id=1NCrDzpOh55tALG3f8Ior_CfdNEnQzCoE
9/29/2026 19:03:05,35.30788,-120.6599,60,Rectangular,https://drive.google.com/open?id=1ccU_x4foQFStZLzN2nhebmzRt4SrSbtl
9/29/2026 19:05:02,35.30759,-120.65811,60,Rectangular,https://drive.google.com/open?id=1El6JnuhclPHjExdCzJXXOj2o9f5IIILm
9/29/2026 19:09:31,35.3026339,-120.6612305,121.92,Round,https://drive.google.com/open?id=1RPy_cJXhx8_gP7dAjuhX1NV04rsiGEcK
9/29/2026 19:10:49,35.3017624,-120.6618584,121.92,Round,https://drive.google.com/open?id=1Bajcq3u2ieLxKyznWIb0CbMpazTbBmV5
9/29/2026 19:11:49,35.3017627,-120.6619013,121.92,Round,https://drive.google.com/open?id=1GTisFGkX7mKH9JfLkJrtSLTA1zdHe0SQ
9/29/2026 19:12:41,35.301687,-120.6618336,121.92,Round,https://drive.google.com/open?id=1Bgf_n7H1cTgzdyd_Q2AwPLNoYl9lsI8q
9/29/2026 19:13:43,35.3017933,-120.6619399,121.92,Round,https://drive.google.com/open?id=1sWFB6hm3hqDSQbRxJB6NnKJKeKoblF7z
9/29/2026 19:14:33,35.3017909,-120.6619114,121.92,Rectangular,https://drive.google.com/open?id=1OvAIpInMpL7TJXhPikVg9Z3yg9rUvJJz
9/29/2026 19:16:36,35.301616,-120.6617387,121.92,Round,https://drive.google.com/open?id=1GIXlJs9phFVuYoRcHyIt4WPThiRl74Xm
9/29/2026 19:17:40,35.3015055,-120.6616925,121.92,Round,https://drive.google.com/open?id=17JAHsgyzlfZWHLHB_iOuWNio2bHC-kcu
9/29/2026 19:20:49,35.301405,-120.661621,121.92,Round,https://drive.google.com/open?id=1sTV4JfZ8yv8dwbKzGM5-a30eskSYqWrx
9/29/2026 20:44:44,35.30304,-120.66245,10.16,Round,https://drive.google.com/open?id=1su0wCDyEXuSx5ZuvscoF-an_UL83OhlE
9/29/2026 20:45:50,35.30229,-120.6623,17.78,Round,https://drive.google.com/open?id=1_s48WrM-rwpoIGCtSuphJIiAFhpU2YuY
9/29/2026 20:46:57,35.30274,-120.66253,67.31,Rectangular,https://drive.google.com/open?id=1aUr70vvmPuGvxRCMhpD_6RPfTCdaWCQL
9/29/2026 20:47:48,35.30266,-120.66261,11.43,Round,https://drive.google.com/open?id=1EZzcIFME4LrNU2lGV9piWh7T8QRdIYTD
9/29/2026 20:48:43,35.30259,-120.66282,43.18,Rectangular,https://drive.google.com/open?id=1zTV5JrPIXKixUAl0xjtRLPhccfNX90O5
9/29/2026 20:49:45,35.30259,-120.66282,66.04,Rectangular,https://drive.google.com/open?id=1z12i3yv6Qr1rjJ5bqCxZfj0KCX27TY0Y
9/29/2026 20:50:36,35.30235,-120.66292,104.14,Rectangular,https://drive.google.com/open?id=1UsPUWyJHNXtbmJxaeFORcW0OaPNkMfKa
9/29/2026 20:51:20,35.30235,-120.66292,104.14,Rectangular,https://drive.google.com/open?id=1Hz3X0Mw8MUBDW-IpiK9PvPQkNfxvYrdw
9/29/2026 20:52:11,35.30218,-120.66358,40.64,Rectangular,https://drive.google.com/open?id=1fs0Dcp5t3z_VOWMcdWV8hnKOkoB_GAQZ
9/29/2026 20:52:57,35.30218,-120.66358,40.64,Rectangular,https://drive.google.com/open?id=1Zvpt0nVrQhr9TgWNL2xYB4e9aCivxe1j
9/30/2026 10:06:54,35.30241,-120.66224,"58.4, 101.6",Rectangular,https://drive.google.com/open?id=1Ym8b8VJXfOIlz-F7rQZtk0wkKLIQIhUq
9/30/2026 10:08:27,35.30242,-120.66215,68.58,Round,https://drive.google.com/open?id=15-ZhOY1Zwcnh8MNegIv6wIN09riHMbBF
9/30/2026 10:09:40,35.30327,-120.66121,60.58,Round,https://drive.google.com/open?id=1fz-uluXlIO7idGk534Kb9_xXGbE9dc8R
9/30/2026 10:11:14,35.30312,-120.65891,"63.5, 109.2",Rectangular,https://drive.google.com/open?id=17ep814rXa0oxjP3An5ByzFH1cPPum18m
9/30/2026 10:12:29,35.30351,-120.658,63.5,Round,https://drive.google.com/open?id=15vEkMf0CAA2LeVH5cqtGQE432K3nfNy2
9/30/2026 13:11:50,35.30231,-120.66233,1000,Rectangular,https://drive.google.com/open?id=1f47JyPZCi2P6cCl5qd5EXCDg3yF1Wk1H
9/30/2026 13:13:06,35.30229,-120.66296,1000,Rectangular,https://drive.google.com/open?id=1GF6ANGt3H-JZ-I5woMkCH__XorctUoh-
9/30/2026 13:15:58,35.3016,-120.66442,90,Rectangular,https://drive.google.com/open?id=1p6LQE2Ib4biCwk0R2bIGcwTRbNZvE1SH
9/30/2026 13:17:37,35.30131,-120.66449,90,Rectangular,https://drive.google.com/open?id=1KnPjp5iJVhh2WG5ZRo3-TF2LFpYKJ84Z
9/30/2026 13:18:52,35.3012,-120.66523,100,Rectangular,https://drive.google.com/open?id=1DKCbSAwClEyZtjZ_LS0_YLmbYqFt58MD
9/30/2026 13:39:13,35.3023338,-120.6629078,"67, 100",Rectangular,https://drive.google.com/open?id=11qWUOwaKFk3PeuS6G_Wqpbj9pfJjlB8b
9/30/2026 13:41:35,35.3017088,-120.6627281,"65, 65",Rectangular,https://drive.google.com/open?id=1MoUdLHUacZFdllgDoDL-jEuHCt5P5jKN
9/30/2026 13:45:39,35.3005762,-120.6625129,"70, 70",Rectangular,https://drive.google.com/open?id=1LHDPZ1GtW3Vlj1_PRGbV1iB9dRlyaFmN
9/30/2026 13:48:06,35.3001516,-120.6620267,"55, 55",Rectangular,https://drive.google.com/open?id=1e-xNXu2xL0CW2yzA37N2E-0Fr64zEBD9
9/30/2026 13:52:37,35.2990603,-120.6603483,"65, 65",Rectangular,https://drive.google.com/open?id=1r5Qk0fnyyiraUZZu7ggdR1HlBHKvKE2b
9/30/2026 14:21:29,35.3038888889,-120.6625,114.3,Rectangular,https://drive.google.com/open?id=1U_mIQBNdGMHHPVk6T6z12pBnHxOjdkjR
9/30/2026 14:23:00,35.3041666667,-120.6622222222,96.52,Rectangular,https://drive.google.com/open?id=1bWd_9i9clCELuCGrCPJSTm6UEGw6D1kY
9/30/2026 14:23:35,35.2999302,-120.6596124,68,Round,https://drive.google.com/open?id=1t9ib4jrVnIGdFJz_p_pVR7hECH5kVBdF
9/30/2026 14:24:26,35.3044444444,-120.6613888889,114.3,Rectangular,https://drive.google.com/open?id=1QPz8iZz1pNpTzam6E_fwTn5ScF97QWPQ
9/30/2026 14:25:21,35.2998057,-120.6600432,"46, 50",Rectangular,https://drive.google.com/open?id=1s_fijSrppYldBg1omVYynERIhWljPp6P
9/30/2026 14:27:33,35.2998558,-120.6606514,"40, 40",Rectangular,https://drive.google.com/open?id=1wVqxQgGWO78fRaRrXugKh5IrjRZUkE6E
9/30/2026 14:31:48,35.30567,-120.66035,91,Round,https://drive.google.com/open?id=1mmVw4Z_Dz_IRjvI5tdRQv5oVPxUIl7tw
9/30/2026 14:31:49,35.3004608,-120.6610313,"35, 35",Rectangular,https://drive.google.com/open?id=1qhz_DGvHzN-2jbUgN8DYKaCdgP4XfP9I
9/30/2026 14:32:37,35.30658,-120.66046,91,Round,https://drive.google.com/open?id=1evlj1PNvupegIhfonGVds9fGyJp9cUB6
9/30/2026 14:33:29,35.30336,-120.66259,91,Round,https://drive.google.com/open?id=1lYcmnTGbVyng618imjP8c8T-mQVIGuz0
9/30/2026 14:34:28,35.30037,-120.66338,30,Round,https://drive.google.com/open?id=1avZjba4IsfMxEbI_LFTiAA3kBQq06tW9
9/30/2026 14:34:52,35.3011407,-120.6613525,"90, 9",Rectangular,https://drive.google.com/open?id=1wzHK9aaRulNPBviGWoEMr-V4Pm-qr3z_
9/30/2026 14:35:58,35.30068,-120.66273,75,Round,https://drive.google.com/open?id=1zkXpDOGFbEKL5Tri6f4X19xSQ2s1NfuU
